{"cameraMode":{"drawMode":3,"name":"Shadow Cascades","section":"Miscellaneous"},"sceneLighting":true,"audioPlay":false,"sceneViewState":{"showFog":true,"showMaterialUpdate":false,"showSkybox":true,"showFlares":true,"showImageEffects":true,"showParticleSystems":true},"in2DMode":false,"pivot":{"x":125.32144927978516,"y":387.5162658691406,"z":2245.958984375},"rotation":{"x":-0.5297148823738098,"y":-0.010173533111810685,"z":0.0063543785363435749,"w":-0.8480909466743469},"size":1527.238037109375,"orthographic":false}